05/11/2018,diam.Duis.mi@fringillapurus.net 16200816-7450,,"Hensley, Martina G.",Nonummy Consulting
28/11/2018,euismod@magnisdisparturient.net 16650329-8280,Mr.,"Flynn, Noelani S.",Ac PC
16/12/2018,et.libero@Proin.net 16501112-4038,,"Mayo, Erich I.",Quis Massa Mauris Institute
17/12/2018,velit@Nullaeu.edu 16630306-4247,,"Lyons, Hedwig L.",Duis Risus Odio Institute
17/12/2018,magna@vulputaterisusa.edu 16970522-2686,Mr.,"Wood, Leila P.",Pharetra Sed Hendrerit PC
19/12/2018,orci@dolorNullasemper.ca 16100930-7719,,"Dodson, Kaseem M.",Diam At LLP
21/01/2019,nostra@infaucibus.ca 16880622-6034,Mr.,"Miranda, Hanna Z.",Enim Mi Tempor Institute
22/01/2019,dui.Fusce@eleifendnon.org 16120621-3389,,"Tate, David D.",Urna Corporation
25/01/2019,ligula.Donec@laciniavitae.ca 16820906-3364,Dr.,"Duncan, Cheyenne E.",Sit Amet Corporation
29/01/2019,orci@congueIn.edu 16790420-1873,Dr.,"Franks, Nissim L.",Dictum Ultricies Ligula LLP
29/01/2019,mauris.Suspendisse@mollis.ca 16590729-1222,Mr.,"Heath, Keane U.",Risus Consulting
02/02/2019,lobortis.risus.In@tincidunttempus.ca 16051030-5139,Ms.,"Vincent, Grace Q.",Ultrices A Auctor Associates
25/02/2019,Sed.eu@laciniaatiaculis.ca 16670401-6622,Dr.,"Mcdowell, Edward P.",Integer Sem Limited
28/02/2019,porttitor.eros@seddolor.edu 16100230-3863,Dr.,"Massey, Freya J.",Eu Erat Semper Inc.
28/02/2019,egestas.Duis@Nunccommodoauctor.co.uk 16160503-6332,,"Yates, Gisela X.",Fringilla Ornare Corporation
13/03/2019,vehicula.Pellentesque@a.net 16970426-3707,Mrs.,"Coffey, Yvette W.",Tellus Id Nunc LLC
18/03/2019,erat.volutpat.Nulla@loremvitaeodio.net 16620309-0201,Mrs.,"Gutierrez, Christopher B.",Est Limited
23/03/2019,Duis@dolorvitaedolor.edu 16550814-4507,Mr.,"Wiggins, Tarik S.",Neque Sed Limited
23/03/2019,vitae.posuere@nonummyultriciesornare.com 16990315-8039,Mrs.,"Ray, Lucy G.",Ante Ipsum Corp.
24/03/2019,bibendum.fermentum.metus@Donecfelis.edu 16910207-2528,Mrs.,"Meyer, Gail D.",Netus Et Malesuada Corp.
27/03/2019,venenatis@massaIntegervitae.org 16950324-8800,,"Rivers, Quin S.",Semper Dui Lectus Limited
29/03/2019,ipsum.dolor.sit@Maecenasmalesuada.edu 16510221-4797,Mr.,"Salazar, Camille D.",Magnis Dis Parturient Associates